ROI,Area,Mean_Intensity,Perimeter,Eccentricity,Circularity
1,4194304.0,0.23503785133361835,8188.0,0.0,0.7861657159178864
